problem_id,grade,main_problem,main_answer,main_solution,subject_area,cot_step_1_name,cot_step_1_prompt,cot_step_2_name,cot_step_2_prompt,cot_step_3_name,cot_step_3_prompt,cot_step_4_name,cot_step_4_prompt,cot_step_5_name,cot_step_5_prompt,cot_step_6_name,cot_step_6_prompt,cot_step_7_name,cot_step_7_prompt,cot_step_8_name,cot_step_8_prompt,1_1_guide_sub_question,1_1_guide_sub_answer,1_1_verification_result,1_1_re_sub_question,1_1_re_sub_answer,1_1_re_verification_result,1_2_guide_sub_question,1_2_guide_sub_answer,1_2_verification_result,1_2_re_sub_question,1_2_re_sub_answer,1_2_re_verification_result,2_1_guide_sub_question,2_1_guide_sub_answer,2_1_verification_result,2_1_re_sub_question,2_1_re_sub_answer,2_1_re_verification_result,2_2_guide_sub_question,2_2_guide_sub_answer,2_2_verification_result,2_2_re_sub_question,2_2_re_sub_answer,2_2_re_verification_result,3_1_guide_sub_question,3_1_guide_sub_answer,3_1_verification_result,3_1_re_sub_question,3_1_re_sub_answer,3_1_re_verification_result,3_2_guide_sub_question,3_2_guide_sub_answer,3_2_verification_result,3_2_re_sub_question,3_2_re_sub_answer,3_2_re_verification_result,4_1_guide_sub_question,4_1_guide_sub_answer,4_1_verification_result,4_1_re_sub_question,4_1_re_sub_answer,4_1_re_verification_result,4_2_guide_sub_question,4_2_guide_sub_answer,4_2_verification_result,4_2_re_sub_question,4_2_re_sub_answer,4_2_re_verification_result
S3_초등_3_012104,3,$974-\square>736$. $\square$ 안에 들어갈 수 있는 가장 큰 세 자 리 수는 어떤 수일까요?,$237$,$974-736=238$ 이므로 974-238=736입니다. 따라서 $\square$ 안에 들어갈 수 있는 가장 큰 세 자리 수는 238보다 I 작은 237입니다.,수와연산,문제 이해,"문제에서 핵심 정보는 $974 - \square > 736$이라는 부등식입니다. 여기서 $\square$는 세 자리 수여야 하며, 이 부등식을 만족하는 가장 큰 세 자리 수를 찾아야 합니다.",문제 이해,문제의 요지는 $\square$ 안에 들어갈 수 있는 가장 큰 세 자리 수를 찾는 것입니다.,정보 구조화,"주어진 조건을 정리하면 다음과 같습니다:  
 - $974 - \square > 736$  
 - $\square$는 세 자리 수입니다.",정보 구조화,"조건을 연결하여 부등식을 풀어보면, $974 - \square > 736$에서 양변에 736을 더하면 $974 - 736 > \square$가 됩니다. 따라서 $\square < 974 - 736$입니다.",수학적 표현,우리는 뺄셈을 통해 $974 - 736$을 계산하여 $\square$의 최대값을 찾을 수 있습니다.,수학적 표현,$974 - 736$을 계산하여 $\square < 238$이라는 부등식을 얻습니다.,수학적 계산,"계산을 실행해보면, $974 - 736 = 238$입니다. 따라서 $\square$는 238보다 작은 가장 큰 세 자리 수여야 합니다.",수학적 계산,"$\square$는 238보다 작은 가장 큰 세 자리 수이므로, $\square = 237$입니다. 따라서 $\square$ 안에 들어갈 수 있는 가장 큰 세 자리 수는 237입니다.","문제에서 주어진 정보 중, $\square$에 들어갈 수 있는 가장 큰 세 자리 수를 찾기 위해 필요한 중요한 정보를 선택하세요.",$974 - \square > 736$,"[Stage Elicitation] 점수: 4, 이 서브 질문은 학생들이 문제의 핵심 정보를 구분하는 역량을 평가하는 데 적절합니다. 주어진 부등식 $974 - \square > 736$을 선택하도록 유도하여, 문제 해결에 필요한 핵심 정보를 명확히 파악하게 합니다. 다만, 학생들이 $\square$가 세 자리 수여야 한다는 조건도 중요하다는 점을 명시적으로 인식할 수 있도록 추가적인 지침이 있으면 더 좋을 것입니다. 전반적으로 3학년 수준에 맞는 표현과 난이도로 구성되어 있습니다.
 [Context Alignment] 점수: 5, 이 서브 문제는 주어진 메인 문제의 상황과 자연스럽게 연결됩니다. 메인 문제의 목표인 $\square$에 들어갈 수 있는 가장 큰 세 자리 수를 찾기 위해 필요한 핵심 정보를 선택하는 것이기 때문에, 메인 문제의 상황 설정과 일치하며, 변수와 개념도 일관성을 유지합니다. 또한, 3학년 수준에 적합한 난이도로, 이전 서브 문제와의 중복이나 충돌 없이 자연스럽게 연결됩니다.
 [Answer Validity] 점수: 5, 제공된 답변은 논리적이고 수학적으로 정확합니다. 문제에서 $\square$에 들어갈 수 있는 가장 큰 세 자리 수를 찾기 위해 필요한 핵심 정보는 $974 - \square > 736$이라는 부등식입니다. 이 부등식을 통해 $\square$의 최대값을 찾을 수 있으며, 이는 초등학교 3학년 수준에 적합한 문제 해결 방식입니다.","문제에서 주어진 정보 중, $\square$에 들어갈 수 있는 가장 큰 세 자리 수를 찾기 위해 필요한 중요한 정보를 모두 고르세요.","$974 - \square > 736$, $\square$는 세 자리 수여야 함","[Stage Elicitation] 점수: 5.0, 이 서브 질문은 학생들이 문제에서 핵심 정보를 구분하는 역량을 평가하는 데 적절합니다. 주어진 부등식 $974 - \square > 736$과 $\square$가 세 자리 수여야 한다는 조건을 명확히 선택하도록 유도하여, 문제 해결에 필요한 핵심 정보를 정확히 파악할 수 있게 합니다. 또한, 학생들이 답을 작성하는 방법이 명확하며, 초등학교 3학년 수준에 적합한 표현과 난이도로 구성되어 있습니다.
 [Context Alignment] 점수: 5.0, 이 서브 문제는 주어진 메인 문제의 상황과 자연스럽게 연결되며, 메인 문제의 목표와 일치합니다. 서브 문제는 메인 문제에서 필요한 핵심 정보를 선택하도록 요구하며, 이는 3학년 수준에 적합한 난이도입니다. 또한, 이전 서브 문제와의 중복이나 충돌 없이 자연스럽게 연결되며, 문제의 상황과 맥락이 일관성을 유지하고 있습니다.
 [Answer Validity] 점수: 5.0, 제공된 답변은 논리적이며 수학적으로 정확합니다. 문제에서 $\square$에 들어갈 수 있는 가장 큰 세 자리 수를 찾기 위해 필요한 핵심 정보는 $974 - \square > 736$과 $\square$는 세 자리 수여야 한다는 조건입니다. 이 두 가지 정보는 문제 해결에 필수적이며, 초등학교 3학년 수준에 적합합니다.","문제에서 $\square$에 들어갈 수 있는 가장 큰 세 자리 수를 찾기 위해, 최종적으로 어떤 수를 구해야 하는지 명확히 하세요.",$974 - \square = 736$보다 큰 수,"[Stage Elicitation] 점수: 2, 이 서브 질문은 학생들이 문제의 요지를 파악하는 능력을 평가하려는 의도는 있으나, 명확하게 요구하는 바를 전달하지 못하고 있습니다. ""최종적으로 어떤 수를 구해야 하는지 명확히 하세요""라는 표현은 학생들에게 혼란을 줄 수 있으며, 문제의 요지를 파악하는 데 필요한 사고를 충분히 유도하지 못합니다. 또한, 답변 예시가 주어진 문제의 요지와 직접적으로 연결되지 않아 학생들이 답을 작성하는 데 어려움을 겪을 수 있습니다. 질문을 보다 명확하게 재구성하여 학생들이 문제의 요지를 정확히 이해하고 답변할 수 있도록 개선이 필요합니다.
 [Context Alignment] 점수: 4, 제시된 부문제는 주어진 메인 문제의 상황과 목표에 자연스럽게 연결되며, 변수와 개념도 일치합니다. 또한, 3학년 수준에 적합한 난이도로 보입니다. 다만, 이전 부문제와의 연결성에서 핵심 정보를 파악한 후, 이를 바탕으로 최종적으로 구해야 할 수를 명확히 하는 과정이 조금 더 명확하게 설명될 수 있었으면 좋겠습니다.
 [Answer Validity] 점수: 4, 제시된 부문제의 답변은 논리적으로 맞습니다. $974 - \square > 736$를 만족하는 가장 큰 세 자리 수를 찾기 위해서는 $974 - \square = 736$보다 큰 수를 구해야 한다는 설명이 적절합니다. 다만, 부문제의 답변이 문제의 요구사항을 명확히 설명하지는 않으므로, 약간의 추가 설명이 필요할 수 있습니다. 전반적으로 3학년 수준에 적합한 답변입니다.","문제에서 $\square$에 들어갈 수 있는 가장 큰 세 자리 수를 찾기 위해, 어떤 조건을 만족해야 하는지 생각해 보세요.",$\square$는 $974 - \square > 736$을 만족하는 가장 큰 세 자리 수여야 합니다.,"[Stage Elicitation] 점수: 4.0, 이 서브 질문은 학생들이 문제의 요지를 명확히 이해하고, $\square$에 들어갈 수 있는 가장 큰 세 자리 수를 찾기 위한 조건을 인식하도록 유도하는 데 효과적입니다. 학생들이 문제의 요구 사항을 파악하는 역량을 평가하는 데 적절하며, 답변 작성에 있어서도 명확한 지침을 제공합니다. 다만, 학생들이 조건을 이해하는 데 있어 조금 더 구체적인 예시나 설명이 추가되면 더욱 명확할 수 있습니다. 예를 들어, ""가장 큰 세 자리 수""라는 표현을 강조하여 학생들이 그 중요성을 인식하도록 할 수 있습니다.
 [Context Alignment] 점수: 4.0, 제시된 부문항은 주어진 메인 문제의 상황과 자연스럽게 연결되며, 메인 문제의 목표와 일치합니다. 또한, 3학년 수준에 적합한 난이도를 유지하고 있습니다. 다만, 이전 부문항과 약간의 중복이 있을 수 있으므로, 이전 부문항의 답변을 활용하여 중복을 최소화할 수 있는 방법을 고려할 필요가 있습니다.
 [Answer Validity] 점수: 5.0, 제공된 서브 질문의 답변은 논리적이고 수학적으로 정확합니다. $\square$에 들어갈 수 있는 가장 큰 세 자리 수를 찾기 위해 $974 - \square > 736$이라는 조건을 만족해야 한다는 설명은 문제의 요구사항과 일치합니다. 또한, 이 설명은 3학년 수준에 적합하며, 복잡한 수학적 개념을 사용하지 않고 명확하게 조건을 제시하고 있습니다.","주어진 조건을 바탕으로, $\square$에 들어갈 수 있는 가장 큰 세 자리 수를 찾기 위해 필요한 수학적 구조를 표나 리스트로 표현하세요.","$974 - \square > 736$
 $\square$는 세 자리 수입니다.
 $\square$는 $100 \leq \square \leq 999$를 만족합니다.","[Stage Elicitation] 점수: 4, 이 서브 질문은 주어진 조건을 표나 리스트로 정리하여 문제 해결을 위한 수학적 구조를 마련하는 능력을 평가하는 데 적절합니다. 학생들이 조건을 명확히 이해하고 정리할 수 있도록 유도하며, 답안 작성 방식도 명확하게 제시되어 있습니다. 다만, 학생들이 조건을 정리하는 과정에서 더 다양한 표현 방법을 사용할 수 있도록 유도하는 추가적인 안내가 있으면 더욱 좋을 것입니다.
 [Context Alignment] 점수: 4, 이 서브 질문은 주어진 조건을 바탕으로 수학적 구조를 표나 리스트로 표현하도록 요구하며, 이는 주어진 문제의 상황과 목표에 자연스럽게 연결됩니다. 또한, 3학년 수준에 적합한 난이도로 보입니다. 그러나 이전 서브 질문에서 이미 핵심 정보를 파악하고 문제 요지를 확인했기 때문에, 이 서브 질문은 약간의 중복이 있을 수 있습니다. 하지만, 전체적으로 문제의 흐름과 일관성을 유지하고 있습니다.
 [Answer Validity] 점수: 4, 제공된 답변은 주어진 부문제에 대한 수학적 구조를 적절히 표현하고 있으며, 논리적으로도 올바릅니다. $\square$가 세 자리 수라는 조건을 명확히 제시하고, 부등식을 통해 문제의 조건을 설명하고 있습니다. 다만, 표나 리스트로 표현하라는 요청에 대해 명시적인 표나 리스트 형식이 아닌 수식으로만 제시된 점에서 약간의 아쉬움이 있습니다. 초등학교 3학년 수준에 적합한 답변입니다.","주어진 조건을 바탕으로, $\square$에 들어갈 수 있는 가장 큰 세 자리 수를 찾기 위해 필요한 수학적 구조를 그림이나 표로 정리하세요.","1. $974 - \square > 736$
 2. $\square$는 세 자리 수입니다.
 3. $\square$는 $100 \leq \square \leq 999$를 만족합니다.","[Stage Elicitation] 점수: 4.0, 이 서브 질문은 주어진 조건을 정리하여 수학적 구조를 표현하는 능력을 평가하는 데 적절합니다. 학생들이 문제의 조건을 도식화하고, 필요한 수학적 구조를 설정하는 데 필요한 정보를 잘 이끌어내고 있습니다. 다만, ""그림이나 도식으로 표현하세요""라는 표현이 학생들에게 다소 모호할 수 있으므로, 좀 더 구체적으로 ""수식으로 표현하세요""라고 안내하면 더 명확할 것입니다. 전반적으로 3학년 학생들이 이해하기에 적절한 수준으로 구성되어 있습니다.
 [Context Alignment] 점수: 4.0, 이 서브 질문은 주어진 조건을 바탕으로 수학적 구조를 그림이나 도식으로 표현하도록 요구하며, 이는 주어진 문제의 상황과 목표에 자연스럽게 연결됩니다. 또한, 이전 서브 질문에서 파악한 핵심 정보를 시각적으로 정리하는 과정이므로, 중복되거나 충돌하지 않습니다. 다만, 3학년 수준에서 도식화가 다소 어려울 수 있어, 난이도 측면에서 약간의 조정이 필요할 수 있습니다.
 [Answer Validity] 점수: 5.0, 제공된 답변은 논리적이고 수학적으로 올바릅니다. $\square$에 들어갈 수 있는 가장 큰 세 자리 수를 찾기 위한 수학적 구조를 정확히 표현하고 있으며, 주어진 부등식과 세 자리 수의 범위를 명확히 설명하고 있습니다. 또한, 초등학교 3학년 수준에 적합한 방식으로 문제를 해결하고 있어, 학년 수준에 맞는 적절한 답변입니다.","$974 - \square > 736$의 조건을 바탕으로, $\square$와 $974 - 736$ 사이의 관계를 나타내세요.",$\square < 974 - 736$,"[Stage Elicitation] 점수: 4, 이 서브 질문은 학생들이 주어진 부등식 조건을 바탕으로 $\square$와 $974 - 736$ 사이의 관계를 파악하도록 유도하는 데 적절합니다. 학생들이 조건을 연결하여 관계를 형성하는 능력을 평가하는 데 효과적이며, 답안 작성 방식도 명확하게 제시되어 있습니다. 다만, 학생들이 부등식의 변형 과정을 명확히 이해할 수 있도록 추가적인 설명이나 예시가 제공되면 더욱 좋을 것입니다.
 [Context Alignment] 점수: 5, 서브 질문 2-2는 주어진 메인 문제의 상황과 자연스럽게 연결되며, 이전 서브 질문들과도 충돌하거나 중복되지 않습니다. 이 질문은 $\square$와 $974 - 736$ 사이의 관계를 명확히 하여 메인 문제의 목표를 달성하는 데 필요한 정보를 제공합니다. 또한, 3학년 수준에 적합한 난이도로 설정되어 있으며, 이전 질문의 답변을 기반으로 논리적으로 진행됩니다.
 [Answer Validity] 점수: 5, 제공된 답변은 논리적이고 수학적으로 올바릅니다. $974 - \square > 736$에서 $\square$는 $974 - 736$보다 작아야 한다는 관계를 정확히 나타내고 있습니다. 이 표현은 3학년 수준에서 이해할 수 있는 범위 내에 있으며, 문제와 답변의 형식도 일치합니다.","주어진 식을 보고, 
에 들어갈 수 있는 수의 범위를 써보세요.",$\square < 974 - 736$,"[Stage Elicitation] 점수: 4.0, 이 서브 질문은 학생들이 주어진 부등식 조건을 기호로 나타내는 능력을 평가하는 데 적절하며, CoT 단계 2-2의 목표와 잘 맞습니다. 학생들이 조건을 연결하여 수학적 관계를 형성하는 능력을 확인할 수 있도록 유도하고 있습니다. 다만, 학생들이 기호로 나타내는 방법에 대한 명확한 지침이 부족할 수 있으므로, 예시나 힌트를 제공하여 학생들이 더 명확하게 답을 작성할 수 있도록 개선할 수 있습니다.
 [Context Alignment] 점수: 5.0, 서브 질문 2-2는 주어진 메인 문제의 상황과 자연스럽게 연결되며, 이전 서브 질문들과도 충돌하거나 중복되지 않습니다. 이 질문은 메인 문제의 목표인 $\square$에 들어갈 수 있는 가장 큰 세 자리 수를 찾기 위한 수학적 관계를 명확히 하도록 돕고 있으며, 3학년 수준에 적합한 난이도를 유지하고 있습니다. 또한, 이전 질문들의 답변을 기반으로 자연스럽게 이어지는 논리적 흐름을 가지고 있습니다.
 [Answer Validity] 점수: 5.0, 제공된 답변은 논리적이고 수학적으로 정확합니다. $\square < 974 - 736$라는 표현은 주어진 부등식 $974 - \square > 736$을 변형하여 $\square$가 만족해야 하는 수학적 관계를 올바르게 나타내고 있습니다. 또한, 이 표현은 3학년 수준에서 이해할 수 있는 범위 내에 있으며, 문제의 요구사항에 적합합니다.","$974 - \square > 736$의 조건을 만족하는 $\square$의 최대값을 찾기 위해, 어떤 수학적 개념이나 원리를 사용해야 하는지 설명하세요. 그리고 그 이유를 간단히 서술하세요.",뺄셈을 사용하여 $974 - 736 = 238$을 계산합니다. 이 결과를 통해 $\square < 238$임을 알 수 있습니다.,"[Stage Elicitation] 점수: 3, 이 서브 질문은 학생들이 문제를 해결하기 위해 필요한 수학적 개념을 설명하도록 유도하고 있으며, 뺄셈을 통해 $\square$의 최대값을 찾는 방법을 이해하도록 돕고 있습니다. 그러나, 학생들이 수학적 개념을 설명하는 데 있어 구체적인 이유를 서술하도록 요구하는 부분이 다소 모호할 수 있습니다. 또한, 답변 예시에서 계산을 포함하고 있어, 개념적 식별에만 초점을 맞추도록 개선이 필요합니다. 학생들이 개념을 명확히 설명할 수 있도록 질문을 더 구체화하는 것이 좋겠습니다.
 [Context Alignment] 점수: 4, 이 서브 질문은 주어진 메인 문제의 상황과 자연스럽게 연결되며, $\square$의 최대값을 찾기 위한 수학적 개념을 설명하는 데 적절합니다. 이전 서브 질문들과의 흐름도 잘 유지되고 있으며, 중복되거나 모순되는 내용은 없습니다. 다만, 서브 질문 자체에 답이 포함되어 있어, 학생들이 스스로 생각할 기회를 줄 수 있는 여지가 부족합니다.
 [Answer Validity] 점수: 5, 제공된 답변은 논리적이고 수학적으로 정확합니다. $974 - 736 = 238$을 계산하여 $\square < 238$임을 도출하는 과정은 올바르며, 이는 문제의 조건을 만족하는 $\square$의 최대값을 찾기 위한 적절한 방법입니다. 또한, 이 설명은 3학년 수준에 적합하며, 복잡한 개념 없이 명확하게 설명되어 있습니다.","$974 - \square > 736$의 조건을 만족하는 $\square$의 최대값을 찾기 위해, 어떤 수학적 개념이나 원리를 사용해야 하는지 설명하세요. 이 문제 상황에서 그 개념이 왜 필요한지 간단히 서술하세요.","뺄셈을 사용하여 $974 - 736 = 238$을 계산합니다. 이 결과를 통해 $\square < 238$임을 알 수 있습니다. 뺄셈은 두 수의 차이를 구하는 데 필요하며, 이를 통해 $\square$의 범위를 결정할 수 있습니다.","[Stage Elicitation] 점수: 4.0, 이 서브 질문은 학생들이 문제 상황에서 필요한 수학적 개념을 식별하고 그 필요성을 설명하도록 유도하는 데 적절합니다. 학생들이 뺄셈을 사용하여 문제를 해결하는 방법을 이해하도록 돕고, 그 개념이 왜 필요한지를 설명하도록 요구합니다. 그러나 답변 예시에서 계산 과정이 포함되어 있어, 계산이 아닌 개념적 식별에 초점을 맞추도록 개선할 필요가 있습니다. 계산 과정 없이 개념적 설명에 집중하도록 유도하면 더 적절할 것입니다.
 [Context Alignment] 점수: 5.0, 이 서브 질문은 주어진 메인 문제의 상황과 자연스럽게 연결되며, 이전 서브 질문들과도 충돌하거나 중복되지 않습니다. 문제의 목표인 $\square$의 최대값을 찾기 위해 필요한 수학적 개념을 설명하고 있으며, 이는 3학년 수준에 적합한 난이도입니다. 또한, 이전 질문에서 도출된 정보를 바탕으로 자연스럽게 이어지는 흐름을 가지고 있습니다.
 [Answer Validity] 점수: 5.0, 제공된 답변은 수학적으로 정확하며, 뺄셈을 통해 $\square$의 최대값을 찾는 과정이 논리적으로 설명되어 있습니다. $974 - 736 = 238$을 계산하여 $\square < 238$임을 도출하는 과정은 문제의 요구사항과 일치하며, 초등학교 3학년 수준에 적합한 설명입니다. 답변은 문제의 조건을 충족시키고, 학년 수준에 맞는 수학적 개념을 사용하고 있습니다.",$974 - 736$을 계산하여 $\square < 238$이라는 부등식을 얻기 위해 필요한 수학적 표현을 작성하세요.,"$974 - 736 = 238$이므로, $\square < 238$입니다.","[Stage Elicitation] 점수: 4, 이 서브 질문은 학생들이 주어진 문제 상황을 수학적 표현으로 변환하는 능력을 평가하는 데 적절합니다. 학생들이 $974 - 736$을 계산하여 $\square < 238$이라는 부등식을 얻는 과정을 명확히 이해하고 표현할 수 있도록 유도하고 있습니다. 다만, 학생들이 수학적 표현을 작성할 때 필요한 단계나 힌트를 조금 더 제공하면 좋겠습니다. 예를 들어, 계산 과정에서 주의할 점이나 부등식의 의미를 간단히 설명하는 추가 지침이 있으면 더욱 명확할 것입니다.
 [Context Alignment] 점수: 4, 이 서브 질문은 주어진 메인 문제의 상황과 자연스럽게 연결되며, $\square < 238$이라는 부등식을 얻기 위한 수학적 표현을 요구하는 점에서 메인 문제의 목표와 일치합니다. 또한, 이전 서브 질문에서 다룬 내용을 기반으로 하여 자연스럽게 이어지며, 중복되거나 모순되지 않습니다. 다만, 서브 질문 자체가 답을 포함하고 있어, 학생들이 스스로 답을 유도할 수 있는 여지를 줄 수 있는 방식으로 수정이 필요합니다.
 [Answer Validity] 점수: 5, 제공된 답변은 논리적이고 수학적으로 정확합니다. $974 - 736 = 238$이라는 계산은 정확하며, 이를 통해 $\square < 238$이라는 부등식을 얻는 과정도 올바릅니다. 또한, 이 과정은 3학년 수준에 적합하며, 문제의 요구사항에 맞게 잘 설명되어 있습니다.",$974 - 736$을 이용하여 $\square$의 최대값을 구할 수 있는 부등식을 세워 보세요.,$\square < 974 - 736$,"[Stage Elicitation] 점수: 5.0, 이 서브 질문은 CoT 단계 3-2의 역량을 효과적으로 측정하고 있습니다. 학생들이 $974 - 736$을 계산하여 $\square < 238$이라는 부등식을 도출하도록 유도하며, 수학적 모델을 표현하는 능력을 평가합니다. 또한, 답안을 명확하게 작성할 수 있도록 안내하고 있으며, 초등학교 3학년 수준에 적합한 표현과 난이도로 구성되어 있습니다.
 [Context Alignment] 점수: 4.0, 이 서브 질문은 주어진 메인 문제의 상황과 자연스럽게 연결되며, $\square$의 수학적 관계를 명확히 하는 데 기여합니다. 이전 서브 질문에서 이미 $974 - 736 = 238$을 계산하여 $\square < 238$임을 확인했으므로, 이 서브 질문은 약간의 중복이 있지만, 문제의 흐름을 방해하지 않습니다. 다만, 이전 질문과의 중복을 줄이기 위해 약간의 조정이 필요할 수 있습니다.
 [Answer Validity] 점수: 5.0, 제공된 답변은 논리적이고 수학적으로 정확합니다. $974 - 736 = 238$이라는 계산은 정확하며, 따라서 $\square < 238$이라는 관계를 올바르게 나타내고 있습니다. 이 답변은 3학년 수준에 적합하며, 문제의 요구사항에 맞게 잘 정리되어 있습니다.","$974 - 736 = 238$임을 알고 있습니다. 이 결과를 바탕으로, $\square$가 만족해야 하는 수학적 관계를 계산 과정을 통해 단계별로 나타내세요. 각 단계의 계산 과정을 모두 포함하여 서술하세요.","$974 - 736 = 238$이므로, $\square < 238$입니다. $\square$는 세 자리 수여야 하므로, $\square$는 $100 \leq \square \leq 237$을 만족합니다.","[Stage Elicitation] 점수: 4, 이 서브 질문은 학생들이 주어진 계산을 단계별로 수행하고, 그 과정을 서술하도록 유도하는 데 적절합니다. 학생들이 $974 - 736 = 238$이라는 계산 결과를 바탕으로 $\square$의 범위를 구하는 과정을 명확히 서술하도록 요구하고 있어, CoT 단계 4-1의 역량을 측정하는 데 적합합니다. 다만, 학생들이 각 계산 단계에서 어떤 논리적 추론을 해야 하는지에 대한 추가적인 안내가 있으면 더 좋을 것입니다. 예를 들어, 왜 $\square < 238$인지에 대한 설명을 요구하는 것이 도움이 될 수 있습니다.
 [Context Alignment] 점수: 3, 이 서브 질문은 주어진 조건을 바탕으로 $\square$의 범위를 단계별로 계산하는 과정을 요구하며, 이는 주 문제의 상황과 목표에 자연스럽게 연결됩니다. 그러나 이전 서브 질문 3-2에서 이미 $\square < 238$이라는 관계를 도출했기 때문에, 이 서브 질문은 중복된 내용을 포함하고 있습니다. 또한, 서브 질문 자체에 답이 포함되어 있어, 학생들이 스스로 답을 도출할 기회를 제한할 수 있습니다.
 [Answer Validity] 점수: 5, 제공된 답변은 논리적이고 수학적으로 정확합니다. $974 - 736 = 238$이라는 계산을 통해 $\square < 238$임을 올바르게 도출하였고, $\square$가 세 자리 수여야 한다는 조건을 고려하여 $100 \leq \square \leq 237$이라는 범위를 정확히 제시하였습니다. 이 답변은 3학년 수준에 적합하며, 문제의 요구사항에 맞게 단계별로 설명되어 있습니다.",$974 - 736$의 계산을 차례대로 해보세요.,$974 - 736 = (974 - 700) - 36 = 274 - 36 = 238$,"[Stage Elicitation] 점수: 4.0, 이 서브 질문은 학생들이 CoT 단계 4-1의 역량을 평가하는 데 적절하며, 계산 과정을 단계별로 나타내도록 유도하고 있습니다. 학생들이 $974 - 736 = 238$이라는 계산 결과를 바탕으로 $\square$의 최대값을 찾도록 명확히 안내하고 있으며, 답안 작성에 필요한 지침도 적절하게 제공하고 있습니다. 다만, 계산 과정의 중간 단계에 대한 명시적인 요구가 조금 더 구체적이면 좋겠습니다. 예를 들어, 각 계산 단계에서 어떤 수학적 논리를 사용했는지 설명하도록 유도하면 더욱 좋을 것입니다.
 [Context Alignment] 점수: 5.0, 이 서브 질문은 주어진 메인 문제의 상황과 자연스럽게 연결되며, 이전 서브 질문들과의 흐름도 잘 유지하고 있습니다. 문제의 목표인 $\square$의 최대값을 찾기 위해 필요한 계산 과정을 단계별로 설명하고 있으며, 이전 질문에서 도출된 결과를 적절히 활용하고 있습니다. 또한, 3학년 수준에 적합한 난이도로 구성되어 있어 문제 해결에 무리가 없습니다.
 [Answer Validity] 점수: 5.0, 제공된 답변은 논리적이고 수학적으로 정확합니다. $974 - 736 = 238$을 통해 $\square < 238$임을 올바르게 도출하였고, 세 자리 수의 범위를 고려하여 $\square$의 최대값이 $237$임을 정확히 계산하였습니다. 초등학교 3학년 수준에 적합한 방식으로 문제를 해결하였으며, 주어진 서브 질문에 대한 답변 형식도 일치합니다.","$\square$에 들어갈 수 있는 가장 큰 세 자리 수를 구하세요. 이때, $\square$는 $100 \leq \square < 238$을 만족해야 합니다.",$\square = 237$,"[Stage Elicitation] 점수: 4, 이 서브 질문은 학생들이 주어진 조건을 해석하고 최종 답을 도출하는 능력을 평가하는 데 적절합니다. $\square$가 238보다 작은 가장 큰 세 자리 수라는 조건을 명확히 제시하여 학생들이 문제의 맥락을 이해하고 계산 결과를 해석할 수 있도록 유도합니다. 다만, 학생들이 답을 작성할 때 ""237""이라는 구체적인 수를 명시적으로 요구하는 부분이 조금 더 명확하게 표현될 수 있습니다. 예를 들어, ""최종 답을 $\square = 237$의 형태로 작성하세요""와 같은 지침이 추가되면 좋겠습니다.
 [Context Alignment] 점수: 5, 이 서브 문제는 주어진 메인 문제의 상황과 목표에 자연스럽게 연결되며, 이전 서브 문제들과의 흐름도 잘 유지하고 있습니다. 문제의 난이도는 3학년 수준에 적절하며, 이전 서브 문제에서 도출된 정보를 바탕으로 $\square$의 최대값을 구하는 과정이 논리적으로 이어집니다. 또한, 문제의 문맥과 상황이 일관되게 유지되고 있으며, 정답을 문제 내에 명시하지 않고 있습니다.
 [Answer Validity] 점수: 5, 주어진 부문제는 $\square$에 들어갈 수 있는 가장 큰 세 자리 수를 구하는 것이며, 조건 $100 \leq \square < 238$을 만족해야 합니다. 이 조건에 따라 $\square$에 들어갈 수 있는 가장 큰 수는 237입니다. 따라서 부문제의 답변은 논리적이고 수학적으로 정확하며, 문제와 답변의 일치도 완벽합니다. 초등학교 3학년 수준에서도 적절한 문제와 답변입니다.",$\square$에 들어갈 수 있는 가장 큰 세 자리 수를 구하세요. ,237,"[Stage Elicitation] 점수: 5.0, 이 서브 질문은 CoT 단계 4-2의 역량을 효과적으로 측정하고 있습니다. 학생들이 계산으로 얻은 값을 문제 맥락에 맞게 해석하고, 조건을 확인하여 최종 답을 도출하는 과정을 잘 유도하고 있습니다. 또한, 답안을 $\square = 237$의 형태로 작성하도록 명확히 안내하고 있어, 초등학교 3학년 학생들이 이해하기에 적절한 표현과 난이도로 구성되어 있습니다.
 [Context Alignment] 점수: 4.0, 이 서브 문제는 주어진 메인 문제의 상황과 목표에 자연스럽게 연결되며, 이전 서브 문제들의 답변을 잘 활용하고 있습니다. 또한, 3학년 수준에 적합한 난이도를 유지하고 있습니다. 다만, 서브 문제의 질문에서 최종 답을 제시하는 형태로 작성하라는 부분이 있어, 답을 유도하는 측면이 있습니다. 이 점을 제외하면 전반적으로 일관성과 연결성이 잘 유지되고 있습니다.
 [Answer Validity] 점수: 5.0, 제시된 부문제의 답은 논리적이고 수학적으로 정확합니다. $\square$가 $100 \leq \square < 238$을 만족해야 한다는 조건에 따라, 가장 큰 세 자리 수는 $237$입니다. 답안 형식도 요구된 대로 $\square = 237$로 작성되어 있으며, 초등학교 3학년 수준에 적합한 문제 해결 과정입니다."